WORD,THEME
Software,INFORMATICA
Hardware,INFORMATICA
Navegador,INFORMATICA
Cookies,INFORMATICA
MemoriaRAM,INFORMATICA
Virus,INFORMATICA
Direccion,INFORMATICA
Router,INFORMATICA
USB,INFORMATICA
Teclado,INFORMATICA
Cursor,INFORMATICA
BaseDatos,INFORMATICA
Depuracion,INFORMATICA
Directorio,INFORMATICA
Disquetera,INFORMATICA
Monitor,INFORMATICA
Descargar,INFORMATICA
Kernel,INFORMATICA
LAN,INFORMATICA
Laptop,INFORMATICA
Lenguaje,INFORMATICA
RealidadVirtual,INFORMATICA
Reboot,INFORMATICA
ROM,INFORMATICA
Servidor,INFORMATICA
SistemaOperativo,INFORMATICA
Gigabyte,INFORMATICA
Hashtag,INFORMATICA
Hosting,INFORMATICA
HTML,INFORMATICA
Metadatos,INFORMATICA
Periferico,INFORMATICA
Plugin,INFORMATICA
Responsive,INFORMATICA
SEM,INFORMATICA
Spam,INFORMATICA
Trafico,INFORMATICA
Patron,INFORMATICA
Webinar,INFORMATICA
Widget,INFORMATICA
Fetch,INFORMATICA
Clic,INFORMATICA
Django,INFORMATICA
Panel,INFORMATICA
Ordenador,INFORMATICA
FastAPI,INFORMATICA
Conectar,INFORMATICA
Aplicacion,INFORMATICA
Arroba,INFORMATICA
Bateria,INFORMATICA
Algoritmo,INFORMATICA
AnchoBanda,INFORMATICA
APIRest,INFORMATICA
Backup,INFORMATICA
BigData,INFORMATICA
Blockchain,INFORMATICA
CloudComputing,INFORMATICA
Compilador,INFORMATICA
CPU,INFORMATICA
Criptografía,INFORMATICA
Cyberseguridad,INFORMATICA
Dominio,INFORMATICA
E-commerce,INFORMATICA
Encriptacion,INFORMATICA
Firewall,INFORMATICA
Framework,INFORMATICA
GPU,INFORMATICA
Hacker,INFORMATICA
Hipertexto,INFORMATICA
IA,INFORMATICA
IDE,INFORMATICA
Goland,INFORMATICA
Java,INFORMATICA
JavaScript,INFORMATICA
MachineLearning,INFORMATICA
Malware,INFORMATICA
Microprocesador,INFORMATICA
Modem,INFORMATICA
Nube,INFORMATICA
OpenSource,INFORMATICA
Phishing,INFORMATICA
Pixel,INFORMATICA
Protocolo,INFORMATICA
Python,INFORMATICA
Red,INFORMATICA
Renderizar,INFORMATICA
Robotica,INFORMATICA
SaaS,INFORMATICA
Sandbox,INFORMATICA
Scrum,INFORMATICA
SEO,INFORMATICA
Servidor,INFORMATICA
Smartphone,INFORMATICA
Query,INFORMATICA
SSH,INFORMATICA
Streaming,INFORMATICA
Tablet,INFORMATICA
Wi-Fi,INFORMATICA
UI/UX,INFORMATICA
VPN,INFORMATICA
Atletismo,ESPORTS
Baloncesto,ESPORTS
Balonmano,ESPORTS
Sincronizada,ESPORTS
Ciclismo,ESPORTS
Tenis,ESPORTS
Boxeo,ESPORTS
Gimnasia,ESPORTS
Rugby,ESPORTS
Voleibol,ESPORTS
Besibol,ESPORTS
Golf,ESPORTS
Esquiar,ESPORTS
Surf,ESPORTS
Patinaje,ESPORTS
Escalada,ESPORTS
Taichi,ESPORTS
Triatleta,ESPORTS
Maratoniano,ESPORTS
Entrenamiento,ESPORTS
Competencia,ESPORTS
Equipo,ESPORTS
Jugador,ESPORTS
Entrenador,ESPORTS
Arbitro,ESPORTS
Campeonato,ESPORTS
Medalla,ESPORTS
Trofeo,ESPORTS
Record,ESPORTS
Tactica,ESPORTS
Estrategia,ESPORTS
Lesion,ESPORTS
Calentamiento,ESPORTS
Resistencia,ESPORTS
Fuerza,ESPORTS
Agilidad,ESPORTS
Velocidad,ESPORTS
Flexibilidad,ESPORTS
Nutricion,ESPORTS
Hidratacion,ESPORTS
Suplemento,ESPORTS
Recuperacion,ESPORTS
Psicologia,ESPORTS
Motivacion,ESPORTS
Disciplina,ESPORTS
Fairplay,ESPORTS
Aficion,ESPORTS
Estadio,ESPORTS
Gimnasio,ESPORTS
Liga,ESPORTS
Clasificacion,ESPORTS
Rivales,ESPORTS
Fanatico,ESPORTS
Espectador,ESPORTS
Prueba,ESPORTS
Desempeño,ESPORTS
Actividad,ESPORTS
Ejercicio,ESPORTS
Calzado,ESPORTS
Equipamiento,ESPORTS
Escudo,ESPORTS
Carrera,ESPORTS
Salto,ESPORTS
Lanzamiento,ESPORTS
Saque,ESPORTS
Circuito,ESPORTS
Temporada,ESPORTS
Seleccion,ESPORTS
Asociacion,ESPORTS
Federacion,ESPORTS
Evento,ESPORTS
Convivencia,ESPORTS
Deportista,ESPORTS
Deportividad,ESPORTS
Culturismo,ESPORTS
Parkour,ESPORTS
Crossfit,ESPORTS
Amateur,ESPORTS
Professional,ESPORTS
Filial,ESPORTS
Competicion,ESPORTS
Olimpiadas,ESPORTS
Eurocopa,ESPORTS
Medallista,ESPORTS
Finalista,ESPORTS
Ciclon,ESPORTS
Maraton,ESPORTS
Balonmano,ESPORTS
Snowboard,ESPORTS
Karate,ESPORTS
FutbolSala,ESPORTS
Badminton,ESPORTS
Patinaje,ESPORTS
Esgrima,ESPORTS
Motociclismo,ESPORTS
Halterofilia,ESPORTS
Tiroconarco,ESPORTS
Surfing,ESPORTS
Rugby,ESPORTS
Beckham,ESPORTS
Aventura,AVENTURA
Exploracion,AVENTURA
Mochila,AVENTURA
Excursion,AVENTURA
Senderismo,AVENTURA
Escalada,AVENTURA
Campamento,AVENTURA
Naturaleza,AVENTURA
Adrenalina,AVENTURA
Riesgo,AVENTURA
Descubrimiento,AVENTURA
Navegacion,AVENTURA
Safari,AVENTURA
Caminata,AVENTURA
Arena,AVENTURA
Expedicion,AVENTURA
Rutas,AVENTURA
Paisaje,AVENTURA
Aventura,AVENTURA
Escapada,AVENTURA
Cueva,AVENTURA
Montana,AVENTURA
Río,AVENTURA
Oceano,AVENTURA
Isla,AVENTURA
Desierto,AVENTURA
Aventura,AVENTURA
Busqueda,AVENTURA
Mapas,AVENTURA
Brujula,AVENTURA
Linterna,AVENTURA
Tienda,AVENTURA
Fuego,AVENTURA
Caminos,AVENTURA
Aventura,AVENTURA
Desafio,AVENTURA
Supervivencia,AVENTURA
Cascada,AVENTURA
Fauna,AVENTURA
Flora,AVENTURA
Fotografia,AVENTURA
Cultura,AVENTURA
Tradicion,AVENTURA
Gastronomia,AVENTURA
Historia,AVENTURA
Leyenda,AVENTURA
Viaje,AVENTURA
Conexion,AVENTURA
Experiencia,AVENTURA
Inmersion,AVENTURA
Diversion,AVENTURA
Companeros,AVENTURA
Caminos,AVENTURA
Rutas,AVENTURA
Horizonte,AVENTURA
Sorpresa,AVENTURA
Emocion,AVENTURA
Libertad,AVENTURA
Escapismo,AVENTURA
Naturaleza,AVENTURA
Tranquilidad,AVENTURA
Energia,AVENTURA
Inspiracion,AVENTURA
Meditacion,AVENTURA
Refugio,AVENTURA
Encuentro,AVENTURA
Relajacion,AVENTURA
Aventura,AVENTURA
Viento,AVENTURA
Sonrisa,AVENTURA
Recuerdos,AVENTURA
Valentia,AVENTURA
Rutas,AVENTURA
Caminos,AVENTURA
Explorador,AVENTURA
Aventura,AVENTURA
Desafio,AVENTURA
Frontera,AVENTURA
Incertidumbre,AVENTURA
Cumbre,AVENTURA
Río,AVENTURA
Selva,AVENTURA
Nieve,AVENTURA
Olas,AVENTURA
Aventura,AVENTURA
Travesia,AVENTURA
Experiencia,AVENTURA
Conquista,AVENTURA
Horizonte,AVENTURA
Temeridad,AVENTURA
Valle,AVENTURA
Maravilla,AVENTURA
Sorpresa,AVENTURA
Destino,AVENTURA
Caminante,AVENTURA
Aventura,AVENTURA
Escapada,AVENTURA
Trekking,AVENTURA
Cima,AVENTURA
Aventura,AVENTURA
Encimera,CUINA
Receta,CUINA
Ingredientes,CUINA
Sabor,CUINA
Sazonar,CUINA
Cuchillo,CUINA
Sarten,CUINA
Olla,CUINA
Cacerola,CUINA
Horno,CUINA
Batidora,CUINA
Mezcla,CUINA
Sal,CUINA
Pimienta,CUINA
Aceite,CUINA
Vinagre,CUINA
Azucar,CUINA
Harina,CUINA
Leche,CUINA
Huevo,CUINA
Verdura,CUINA
Fruta,CUINA
Carne,CUINA
Pescado,CUINA
Marisco,CUINA
Especias,CUINA
Caldo,CUINA
Sopa,CUINA
Guiso,CUINA
Asado,CUINA
Frito,CUINA
Hervido,CUINA
Grillado,CUINA
Tostado,CUINA
Rebozado,CUINA
Salteado,CUINA
Aderezo,CUINA
Plato,CUINA
Postre,CUINA
Entrante,CUINA
Aperitivo,CUINA
Snack,CUINA
Salpimentar,CUINA
Emplatado,CUINA
Decoracion,CUINA
Gastronomía,CUINA
Chef,CUINA
Culinario,CUINA
Técnica,CUINA
Utensilio,CUINA
Cuchara,CUINA
Espatula,CUINA
Colador,CUINA
Rallador,CUINA
Mortero,CUINA
Batidor,CUINA
Plancha,CUINA
Cernir,CUINA
Fermentar,CUINA
Refrigerar,CUINA
Congelar,CUINA
Descongelar,CUINA
Marinar,CUINA
Alinar,CUINA
Servir,CUINA
Degustar,CUINA
Presentacion,CUINA
Comensal,CUINA
Banquete,CUINA
Buffet,CUINA
Catering,CUINA
Brunch,CUINA
Picoteo,CUINA
Gourmet,CUINA
Sustituto,CUINA
Coccion,CUINA
Rebozar,CUINA
Infusion,CUINA
Maridar,CUINA
Sofrito,CUINA
Amasar,CUINA
Desmenuzar,CUINA
Cernir,CUINA
Escudilla,CUINA
Tazon,CUINA
Cazuela,CUINA
Pasta,CUINA
Arroz,CUINA
Quinoa,CUINA
Lenteja,CUINA
Guisante,CUINA
Pure,CUINA
Salsa,CUINA
Curry,CUINA
Estofado,CUINA
Bebida,CUINA
Batido,CUINA
Smoothie,CUINA
Teina,CUINA
Cafe,CUINA
Barco,NAVEGACIO
Velero,NAVEGACIO
Crucero,NAVEGACIO
Timon,NAVEGACIO
Ancla,NAVEGACIO
Proa,NAVEGACIO
Popa,NAVEGACIO
Eslora,NAVEGACIO
Manga,NAVEGACIO
Marinero,NAVEGACIO
Capitan,NAVEGACIO
Tripulacion,NAVEGACIO
Brujula,NAVEGACIO
Carta,NAVEGACIO
Mapa,NAVEGACIO
Rumbo,NAVEGACIO
Destino,NAVEGACIO
Puerto,NAVEGACIO
Muelle,NAVEGACIO
Marea,NAVEGACIO
Oleaje,NAVEGACIO
Viento,NAVEGACIO
Horizonte,NAVEGACIO
Estrella,NAVEGACIO
Latitud,NAVEGACIO
Longitud,NAVEGACIO
GPS,NAVEGACIO
Radar,NAVEGACIO
Compas,NAVEGACIO
Bitacora,NAVEGACIO
Navegante,NAVEGACIO
Travesia,NAVEGACIO
Ruta,NAVEGACIO
Oceano,NAVEGACIO
Mar,NAVEGACIO
Isla,NAVEGACIO
Costa,NAVEGACIO
Archipielago,NAVEGACIO
Peninsula,NAVEGACIO
Continente,NAVEGACIO
Corriente,NAVEGACIO
Profundidad,NAVEGACIO
Ecosonda,NAVEGACIO
Navegabilidad,NAVEGACIO
Astillero,NAVEGACIO
Embarcacion,NAVEGACIO
Lancha,NAVEGACIO
Yate,NAVEGACIO
Submarino,NAVEGACIO
Pesquero,NAVEGACIO
Carguero,NAVEGACIO
Remolcador,NAVEGACIO
Velero,NAVEGACIO
Catamaran,NAVEGACIO
Fragata,NAVEGACIO
Goleta,NAVEGACIO
Buque,NAVEGACIO
Singladura,NAVEGACIO
Marinería,NAVEGACIO
Náutica,NAVEGACIO
Derrotero,NAVEGACIO
Derrota,NAVEGACIO
Singladura,NAVEGACIO
Aguada,NAVEGACIO
Escora,NAVEGACIO
Amura,NAVEGACIO
Babor,NAVEGACIO
Estribor,NAVEGACIO
Pañol,NAVEGACIO
Cubierta,NAVEGACIO
Camarote,NAVEGACIO
Puente,NAVEGACIO
Cabina,NAVEGACIO
Bodega,NAVEGACIO
Anclar,NAVEGACIO
Atracar,NAVEGACIO
Zarpar,NAVEGACIO
Fondear,NAVEGACIO
Arribar,NAVEGACIO
Varar,NAVEGACIO
Navegar,NAVEGACIO
Botar,NAVEGACIO
Amainar,NAVEGACIO
Virar,NAVEGACIO
Bordear,NAVEGACIO
Fondeo,NAVEGACIO
Abordaje,NAVEGACIO
Temporal,NAVEGACIO
Tormenta,NAVEGACIO
Huracan,NAVEGACIO
Tsunami,NAVEGACIO
Corriente,NAVEGACIO
Marejada,NAVEGACIO
Calma,NAVEGACIO
Navegante,NAVEGACIO
Explorador,NAVEGACIO
Descubrimiento,NAVEGACIO
Expedicion,NAVEGACIO
Travesia,NAVEGACIO
Aventura,NAVEGACIO